{"cameraMode":{"drawMode":0,"name":"Shaded","section":"Shading Mode"},"sceneLighting":false,"audioPlay":false,"sceneViewState":{"showFog":true,"showMaterialUpdate":false,"showSkybox":false,"showFlares":true,"showImageEffects":true,"showParticleSystems":true},"in2DMode":false,"pivot":{"x":-0.12106113880872727,"y":-0.5687592625617981,"z":0.5896334052085877},"rotation":{"x":0.1183888241648674,"y":0.13004714250564576,"z":0.015664827078580858,"w":-0.9844154715538025},"size":1.1011972427368165,"orthographic":false}