{"cameraMode":{"drawMode":0,"name":"Shaded","section":"Shading Mode"},"sceneLighting":true,"audioPlay":false,"sceneViewState":{"showFog":true,"showMaterialUpdate":false,"showSkybox":true,"showFlares":true,"showImageEffects":true,"showParticleSystems":true},"in2DMode":false,"pivot":{"x":-2.566800355911255,"y":2.101330041885376,"z":-1.331590175628662},"rotation":{"x":-0.07332424819469452,"y":0.9240531921386719,"z":-0.3013971447944641,"w":-0.22453071177005769},"size":6.45789098739624,"orthographic":false}