{"cameraMode":{"drawMode":0,"name":"Shaded","section":"Shading Mode"},"sceneLighting":false,"audioPlay":false,"sceneViewState":{"showFog":true,"showMaterialUpdate":false,"showSkybox":false,"showFlares":true,"showImageEffects":true,"showParticleSystems":true},"in2DMode":false,"pivot":{"x":0.5290382504463196,"y":-0.5324617624282837,"z":1.2629371881484986},"rotation":{"x":-0.2757195234298706,"y":0.18628457188606263,"z":0.053736887872219089,"w":0.9416504502296448},"size":1.847805142402649,"orthographic":false}